class,prevalence,f1_mean,precision_mean,recall_mean,auroc_mean,ap_mean
CD,0.20504056,0.774269,0.8112745,0.74049217,0.9261925,0.8430672
HYP,0.1217795,0.35675675,0.64705884,0.24626866,0.84517944,0.49714938
MI,0.2509566,0.7239636,0.7973274,0.662963,0.9262246,0.82893354
NORM,0.43625325,0.84232366,0.8345324,0.8502618,0.93675923,0.9133813
STTC,0.24049793,0.7510917,0.6969206,0.81439394,0.9300902,0.79269165
