class,prevalence,f1_mean,precision_mean,recall_mean,auroc_mean,ap_mean
CD,0.20504056,0.46086955,0.654321,0.3557047,0.8180651,0.5947585
HYP,0.1217795,0.2601626,0.47524753,0.17910448,0.7565683,0.33249655
MI,0.2509566,0.47225246,0.57255936,0.40185186,0.7835678,0.5212623
NORM,0.43625325,0.77054965,0.74319065,0.8,0.8771288,0.8385143
STTC,0.24049793,0.5362776,0.6028369,0.48295453,0.83698046,0.5968775
